"For more information such as company website, company description, industry, CEO, founder, and more upload this file to https://powrbot.com/company-search/ to get the latest information from the web."
WUNDERMAN
Grey Group
MDC Partners Inc.
Omnicom Group Inc.
Dentsu Aegis Network
Omnicom Group
ENIRO
﻿Taboola
TBWA\Worldwide
McCann London
MediaCom
Mekanism
Droga5
Wunderman
BBDO Worldwide
TMP Worldwide
R/GA
BBDO
Havas London
Havas Worldwide
AMV BBDO
Manning Gottlieb OMD
Neo@Ogilvy
Tribal Worldwide London
BETC
Grey London
iProspect
Proximity Worldwide
Adaptly
Forum Communications Company
LAMAR ADVERTISING COMPANY
Mdc Partners Inc.
OMNICOM GROUP INC
ADVO
Born Group
SEMrush
Mediaocean
BORN Group
22squared
Aegis Group
B-Reel
140 Proof
Adduplex
TapInfluence
BrightRoll
Chartboost
Citysearch
Invite Media
Massive
NativeX
OwnLocal
iprospect
betc
semrush
AudienceProject
Omnicom Group Inc.
Donovan Data Systems
The Richards Group
Mccann Worldgroup
AEGIS MEDIA
Opera Software ASA
Taboola
viglink
﻿Abbott Mead Vickers
Bartle Bogle Hegarty
Caru
MOFILM
oOh! Media
Google Inc
GOOGLE LLC
DRUM Agency
Splash Media
Johannes Leonardo
Valassis
Similarweb
SEMRush
google
Omnicom
Rodgers Townsend
Googler
GOOGLE
ROSEART
Lopez Negrete Communications
McGarrah Jessee
DCF Advertising
Dentsu Aegis Network Ltd.
TM Advertising
APN Outdoor
LEVEL Studios
Empower MediaMarketing
GOOGLE INC.
"Google, Inc."
facebook inc
facebook inc.
FACEBOOK INC
google inc.
The Ant Farm
Eniro AB
VALASSIS
"Google, Inc"
Google Inc.
BKV
Google LLC
